{"cameraMode":{"drawMode":0,"name":"Shaded","section":"Shading Mode"},"sceneLighting":true,"audioPlay":false,"sceneViewState":{"showFog":true,"showMaterialUpdate":false,"showSkybox":true,"showFlares":true,"showImageEffects":true,"showParticleSystems":true},"in2DMode":false,"pivot":{"x":-2.3698365688323976,"y":0.6565444469451904,"z":14.1746244430542},"rotation":{"x":-0.07708732783794403,"y":0.6761217713356018,"z":-0.07146374881267548,"w":-0.7292714715003967},"size":4.904972076416016,"orthographic":false}