{"cameraMode":{"drawMode":0,"name":"Shaded","section":"Shading Mode"},"sceneLighting":false,"audioPlay":false,"sceneViewState":{"showFog":true,"showMaterialUpdate":false,"showSkybox":false,"showFlares":true,"showImageEffects":true,"showParticleSystems":true},"in2DMode":false,"pivot":{"x":1.1460902690887452,"y":1.8538002967834473,"z":-0.6467486023902893},"rotation":{"x":-0.28079545497894289,"y":-0.6712257862091065,"z":0.3072736859321594,"w":-0.6133695244789124},"size":14.004401206970215,"orthographic":false}