{"cameraMode":{"drawMode":0,"name":"Shaded","section":"Shading Mode"},"sceneLighting":false,"audioPlay":false,"sceneViewState":{"showFog":true,"showMaterialUpdate":false,"showSkybox":false,"showFlares":true,"showImageEffects":true,"showParticleSystems":true},"in2DMode":false,"pivot":{"x":263.3999938964844,"y":153.47000122070313,"z":0.0},"rotation":{"x":-0.0016453370917588473,"y":-0.9850903153419495,"z":0.1719476580619812,"w":-0.009759130887687207},"size":90.15664672851563,"orthographic":false}