{"cameraMode":{"drawMode":0,"name":"Shaded","section":"Shading Mode"},"sceneLighting":true,"audioPlay":false,"sceneViewState":{"showFog":true,"showMaterialUpdate":false,"showSkybox":true,"showFlares":true,"showImageEffects":true,"showParticleSystems":true},"in2DMode":false,"pivot":{"x":-2.716182231903076,"y":7.621552467346191,"z":45.32953643798828},"rotation":{"x":-0.023380573838949205,"y":-0.9757377505302429,"z":0.17334049940109254,"w":-0.13194136321544648},"size":3.4222164154052736,"orthographic":false}